,MASI,MSI20,ESG10
Degrees of Freedom,2.9025503227572345,3.0935027175694283,3.113556945790609
