,MASI,MSI20,ESG10
Size,751.0,751.0,751.0
Mean,-6.287804066347515e-05,-5.606011737570173e-05,-2.372141930286155e-05
Standard deviation,0.006731366387943082,0.007549894923687923,0.0077350809444582305
Skewness,0.513636445168169,0.40360317027510634,0.39089362164616237
Excess Kurtosis,12.07287611525056,10.823607635983855,10.196225181519324
Jarque-Bera,2608.860429834248,1935.7155961272942,1639.5847069098954
